,,,RESIDENTIAL,,,,COMMERCIAL,,,,INDUSTRIAL,,,,TRANSPORTATION,,,,OTHER,,,,TOTAL,,,
,,,Revenue,Sales,Customers,Price,Revenue,Sales,Customers,Price,Revenue,Sales,Customers,Price,Revenue,Sales,Customers,Price,Revenue,Sales,Customers,Price,Revenue,Sales,Customers,Price
Year,State,Data Status,Thousand Dollars,Megawatthours,Count,Cents/kWh,Thousand Dollars,Megawatthours,Count,Cents/kWh,Thousand Dollars,Megawatthours,Count,Cents/kWh,Thousand Dollars,Megawatthours,Count,Cents/kWh,Thousand Dollars,Megawatthours,Count,Cents/kWh,Thousand Dollars,Megawatthours,Count,Cents/kWh
2015,AK,Final,"405,270","2,044,184","282,283",19.83,"481,839","2,763,491","50,640",17.44,"196,314","1,351,529","1,299",14.53,0,0,0,,,,,,"1,083,422","6,159,204","334,222",17.59
2015,AL,Final,"3,731,831","31,908,530","2,182,614",11.7,"2,538,645","23,437,831","362,870",10.83,"2,021,316","33,499,182","7,255",6.03,0,0,0,,,,,,"8,291,793","88,845,543","2,552,739",9.33
2015,AR,Final,"1,794,303","18,273,389","1,356,658",9.82,"1,011,199","12,153,236","187,705",8.32,"998,757","16,038,092","35,867",6.23,49,437,2,11.22,,,,,"3,804,308","46,465,154","1,580,231",8.19
2015,AZ,Final,"4,023,333","33,167,205","2,689,225",12.13,"3,042,894","29,284,431","314,755",10.39,"932,651","14,891,564","7,757",6.26,584,"6,216",1,9.4,,,,,"7,999,461","77,349,416","3,011,739",10.34
2015,CA,Final,"15,187,827","89,386,373","13,380,682",16.99,"18,627,081","118,384,093","1,685,684",15.73,"6,394,328","52,562,210","148,068",12.17,"75,346","837,761",13,8.99,,,,,"40,284,581","261,170,437","15,214,447",15.42
2015,CO,Final,"2,227,990","18,384,936","2,225,723",12.12,"2,016,563","20,408,085","365,562",9.88,"1,129,021","15,258,761","16,228",7.4,"6,477","64,264",1,10.08,,,,,"5,380,050","54,116,046","2,607,514",9.94
2015,CT,Final,"2,699,306","12,892,862","1,468,957",20.94,"2,069,571","12,958,570","152,482",15.97,"444,588","3,432,002","4,458",12.95,"25,399","192,721",3,13.18,,,,,"5,238,864","29,476,155","1,625,899",17.77
2015,DC,Final,"324,309","2,497,559","247,469",12.99,"987,107","8,221,610","25,439",12.01,"20,928","238,232",1,8.78,"30,043","333,832",1,9,,,,,"1,362,386","11,291,233","272,910",12.07
2015,DE,Final,"650,835","4,848,998","413,444",13.42,"432,571","4,219,085","52,786",10.25,"201,235","2,430,122",859,8.28,0,0,0,,,,,,"1,284,641","11,498,205","467,089",11.17
2015,FL,Final,"14,216,590","122,759,472","8,963,967",11.58,"9,106,202","95,847,051","1,183,240",9.5,"1,388,136","16,897,415","19,458",8.22,"8,515","95,460",2,8.92,,,,,"24,719,443","235,599,398","10,166,667",10.49
2015,GA,Final,"6,511,155","56,421,650","4,191,206",11.54,"4,662,637","47,151,316","560,947",9.89,"1,887,035","32,134,396","20,688",5.87,"9,004","170,853",1,5.27,,,,,"13,069,830","135,878,215","4,772,843",9.62
2015,HI,Final,"781,896","2,641,336","428,340",29.6,"854,791","3,174,462","60,631",26.93,"852,083","3,695,554",740,23.06,0,0,0,,,,,,"2,488,769","9,511,352","489,710",26.17
2015,IA,Final,"1,603,951","13,786,328","1,356,598",11.63,"1,076,729","12,071,781","227,540",8.92,"1,255,122","21,289,184","7,643",5.9,0,0,0,,,,,,"3,935,802","47,147,293","1,591,781",8.35
2015,ID,Final,"799,700","8,054,693","701,448",9.93,"488,546","6,263,642","106,452",7.8,"576,477","8,740,479","27,531",6.6,0,0,0,,,,,,"1,864,722","23,058,814","835,431",8.09
2015,IL,Final,"5,581,101","44,645,638","5,172,653",12.5,"4,540,480","50,319,815","603,186",9.02,"2,875,406","43,130,671","5,998",6.67,"35,653","523,846",3,6.81,,,,,"13,032,639","138,619,970","5,781,840",9.4
2015,IN,Final,"3,753,084","32,441,693","2,804,861",11.57,"2,349,168","24,021,689","350,465",9.78,"3,294,957","48,030,120","18,212",6.86,"2,085","21,016",1,9.92,,,,,"9,399,293","104,514,518","3,173,539",8.99
2015,KS,Final,"1,634,552","13,241,682","1,231,825",12.34,"1,553,019","15,380,339","228,403",10.1,"854,187","11,227,106","24,158",7.61,0,0,0,,,,,,"4,041,758","39,849,127","1,484,386",10.14
2015,KY,Final,"2,680,343","26,168,093","1,947,068",10.24,"1,848,262","19,589,209","299,460",9.44,"1,660,850","30,281,328","7,392",5.48,0,0,0,,,,,,"6,189,455","76,038,630","2,253,920",8.14
2015,LA,Final,"2,943,587","31,545,313","2,043,759",9.33,"2,165,878","24,996,178","298,169",8.66,"1,900,895","35,123,169","19,647",5.41,979,"11,829",1,8.28,,,,,"7,011,339","91,676,489","2,361,577",7.65
2015,MA,Final,"4,000,022","20,175,317","2,794,918",19.83,"4,135,789","26,200,307","407,060",15.79,"1,068,927","7,892,165","14,099",13.54,"27,418","353,299",3,7.76,,,,,"9,232,156","54,621,088","3,216,080",16.9
2015,MD,Final,"3,786,876","27,403,336","2,255,557",13.82,"3,295,693","29,959,115","249,180",11,"331,187","3,883,315","8,822",8.53,"44,707","535,953",5,8.34,,,,,"7,458,464","61,781,719","2,513,564",12.07
2015,ME,Final,"727,922","4,662,301","699,241",15.61,"501,148","4,017,822","97,057",12.47,"290,360","3,208,045","2,993",9.05,0,0,0,,,,,,"1,519,430","11,888,168","799,291",12.78
2015,MI,Final,"4,810,815","33,357,876","4,282,857",14.42,"4,057,255","38,440,734","532,857",10.55,"2,154,662","30,677,019","6,040",7.02,491,"4,292",1,11.44,,,,,"11,023,223","102,479,921","4,821,755",10.76
2015,MN,Final,"2,630,742","21,713,970","2,374,674",12.12,"2,207,024","23,388,015","289,040",9.44,"1,506,272","21,453,040","9,811",7.02,"2,300","24,209",1,9.5,,,,,"6,346,338","66,579,234","2,673,527",9.53
2015,MO,Final,"3,799,962","33,911,760","2,734,548",11.21,"2,797,527","30,535,443","373,616",9.16,"1,096,388","17,036,256","10,217",6.44,"1,724","20,622",1,8.36,,,,,"7,695,601","81,504,081","3,118,382",9.44
2015,MS,Final,"2,092,177","18,561,101","1,270,398",11.27,"1,517,771","14,391,682","231,387",10.55,"1,032,686","15,738,746","10,860",6.56,0,0,0,,,,,,"4,642,633","48,691,529","1,512,645",9.53
2015,MT,Final,"525,004","4,825,213","491,421",10.88,"500,513","4,894,095","104,324",10.23,"238,769","4,487,603","9,708",5.32,0,0,0,,,,,,"1,264,287","14,206,911","605,453",8.9
2015,NC,Final,"6,531,847","57,901,557","4,336,694",11.28,"4,210,468","48,236,147","665,193",8.73,"1,804,121","27,701,168","10,286",6.51,684,"8,651",1,7.9,,,,,"12,547,119","133,847,523","5,012,175",9.37
2015,ND,Final,"467,895","4,862,542","371,503",9.62,"554,633","6,278,868","71,211",8.83,"563,700","6,987,538","8,158",8.07,0,0,0,,,,,,"1,586,227","18,128,948","450,872",8.75
2015,NE,Final,"1,010,527","9,532,132","825,942",10.6,"807,429","9,307,834","149,818",8.67,"808,820","10,655,107","60,553",7.59,0,0,0,,,,,,"2,626,776","29,495,073","1,036,313",8.91
2015,NH,Final,"837,549","4,526,948","607,463",18.5,"672,092","4,491,173","105,832",14.96,"252,331","1,981,028","3,277",12.74,0,0,0,,,,,,"1,761,972","10,999,149","716,573",16.02
2015,NJ,Final,"4,607,270","29,142,283","3,489,108",15.81,"4,952,384","38,722,730","512,893",12.79,"778,985","7,320,398","12,190",10.64,"31,193","304,212",6,10.25,,,,,"10,369,832","75,489,623","4,014,197",13.74
2015,NM,Final,"828,169","6,641,724","871,044",12.47,"914,718","8,877,046","142,030",10.3,"479,753","7,574,783","9,347",6.33,0,0,0,,,,,,"2,222,641","23,093,553","1,022,421",9.62
2015,NV,Final,"1,574,103","12,338,538","1,126,219",12.76,"889,432","9,613,997","160,490",9.25,"948,626","14,058,811","3,681",6.75,760,"8,344",1,9.11,,,,,"3,412,922","36,019,690","1,290,391",9.48
2015,NY,Final,"9,456,188","51,012,745","7,079,095",18.54,"11,785,740","77,005,625","1,055,128",15.31,"1,140,573","18,079,200","7,631",6.31,"364,797","2,816,085",7,12.95,,,,,"22,747,297","148,913,655","8,141,860",15.28
2015,OH,Final,"6,590,569","51,492,954","4,892,912",12.8,"4,743,183","47,123,923","620,806",10.07,"3,548,736","50,556,675","19,152",7.02,"3,049","39,672",2,7.69,,,,,"14,885,537","149,213,224","5,532,873",9.98
2015,OK,Final,"2,293,592","22,615,824","1,723,937",10.14,"1,588,067","20,691,105","277,383",7.68,"964,329","18,029,456","18,687",5.35,0,0,0,,,,,,"4,845,987","61,336,385","2,020,007",7.9
2015,OR,Final,"1,948,315","18,269,007","1,686,974",10.66,"1,410,427","16,021,066","229,114",8.8,"773,009","12,949,776","25,242",5.97,"2,205","24,125",2,9.14,,,,,"4,133,956","47,263,974","1,941,331",8.75
2015,PA,Final,"7,423,145","54,418,663","5,304,275",13.64,"4,199,202","43,745,173","690,876",9.6,"3,411,815","47,404,272","23,728",7.2,"60,692","775,920",6,7.82,,,,,"15,094,854","146,344,028","6,018,884",10.31
2015,RI,Final,"604,825","3,135,506","440,190",19.29,"584,484","3,704,812","58,903",15.78,"109,866","798,532","1,852",13.76,"4,795","25,868",1,18.54,,,,,"1,303,970","7,664,718","500,947",17.01
2015,SC,Final,"3,778,451","30,059,188","2,185,966",12.57,"2,239,686","21,927,007","357,722",10.21,"1,774,038","29,342,051","4,290",6.05,0,0,0,,,,,,"7,792,175","81,328,246","2,547,978",9.58
2015,SD,Final,"506,522","4,571,325","388,374",11.08,"434,765","4,748,637","69,869",9.16,"204,932","2,782,017","3,749",7.37,0,0,0,,,,,,"1,146,220","12,101,979","461,993",9.47
2015,TN,Final,"4,291,880","41,667,411","2,783,057",10.3,"3,553,029","34,981,552","476,407",10.16,"1,418,464","22,983,145","1,245",6.17,0,0,0,,,,,,"9,263,373","99,632,108","3,260,709",9.3
2015,TX,Final,"16,838,434","145,651,913","10,317,999",11.56,"11,115,260","136,323,562","1,425,773",8.15,"6,161,020","110,182,265","105,937",5.59,"9,585","179,614",3,5.34,,,,,"34,124,300","392,337,354","11,849,712",8.7
2015,UT,Final,"992,264","9,117,153","1,021,839",10.88,"1,001,542","11,614,593","121,310",8.62,"580,074","9,404,984","9,571",6.17,"5,589","55,620",1,10.05,,,,,"2,579,468","30,192,350","1,152,721",8.54
2015,VA,Final,"5,221,259","45,928,411","3,332,082",11.37,"3,969,545","48,347,037","428,369",8.21,"1,218,736","17,537,165","3,714",6.95,"15,929","196,432",1,8.11,,,,,"10,425,468","112,009,045","3,764,165",9.31
2015,VT,Final,"356,986","2,088,940","312,059",17.09,"292,344","2,010,568","53,610",14.54,"146,022","1,421,601",231,10.27,0,0,0,,,,,,"795,352","5,521,109","365,900",14.41
2015,WA,Final,"3,098,110","34,071,987","2,945,759",9.09,"2,405,629","29,266,512","365,092",8.22,"1,164,912","26,772,299","29,162",4.35,433,"5,288",6,8.18,,,,,"6,669,084","90,116,086","3,340,019",7.4
2015,WI,Final,"2,994,383","21,214,787","2,647,223",14.11,"2,561,808","23,514,103","347,451",10.89,"1,816,081","23,969,851","5,528",7.58,28,191,1,14.66,,,,,"7,372,300","68,698,932","3,000,203",10.73
2015,WV,Final,"1,153,344","11,437,451","861,332",10.08,"671,689","7,800,740","141,680",8.61,"795,823","13,064,835","11,949",6.09,0,0,0,,,,,,"2,620,857","32,303,026","1,014,962",8.11
2015,WY,Final,"293,517","2,676,702","268,226",10.97,"358,000","3,924,590","57,686",9.12,"697,582","10,323,470","10,560",6.76,0,0,0,,,,,,"1,349,099","16,924,762","336,472",7.97
2016,AK,Final,"407,365","2,006,392","283,258",20.3,"479,547","2,731,499","52,805",17.56,"210,807","1,385,311","1,344",15.22,0,0,0,,,,,,"1,097,719","6,123,202","337,406",17.93
2016,AL,Final,"3,843,395","32,055,546","2,200,574",11.99,"2,626,821","23,634,474","367,009",11.11,"1,966,223","32,535,121","7,268",6.04,0,0,0,,,,,,"8,436,439","88,225,141","2,574,851",9.56
2016,AR,Final,"1,764,930","17,784,233","1,368,867",9.92,"1,002,233","12,177,633","190,179",8.23,"986,087","16,226,147","36,431",6.08,44,425,2,10.41,,,,,"3,753,295","46,188,438","1,595,478",8.13
2016,AZ,Final,"4,094,426","33,690,783","2,725,508",12.15,"3,078,184","29,564,157","318,197",10.41,"908,697","14,975,656","8,131",6.07,718,"7,232",2,9.93,,,,,"8,082,024","78,237,828","3,051,838",10.33
2016,CA,Final,"15,359,795","88,311,069","13,445,133",17.39,"17,603,177","116,774,684","1,692,323",15.07,"6,076,719","50,979,124","148,547",11.92,"76,635","781,758",15,9.8,,,,,"39,116,327","256,846,635","15,286,018",15.23
2016,CO,Final,"2,273,979","18,833,722","2,260,068",12.07,"1,996,042","20,800,136","366,998",9.6,"1,109,890","15,103,434","16,244",7.35,"6,348","64,745",1,9.8,,,,,"5,386,259","54,802,037","2,643,311",9.83
2016,CT,Final,"2,536,772","12,676,983","1,486,740",20.01,"2,000,464","12,701,264","152,181",15.75,"431,744","3,370,068","4,408",12.81,"19,821","182,772",4,10.84,,,,,"4,988,800","28,931,087","1,643,333",17.24
2016,DC,Final,"307,506","2,501,892","259,392",12.29,"980,630","8,368,479","25,923",11.72,"16,943","192,454",1,8.8,"31,550","331,178",3,9.53,,,,,"1,336,629","11,394,003","285,318",11.73
2016,DE,Final,"639,086","4,763,106","419,233",13.42,"426,492","4,235,231","53,367",10.07,"183,385","2,260,101",874,8.11,0,0,0,,,,,,"1,248,963","11,258,438","473,473",11.09
2016,FL,Final,"13,545,273","123,320,547","9,149,213",10.98,"8,506,823","95,547,214","1,199,895",8.9,"1,288,401","16,758,825","21,162",7.69,"7,921","95,236",2,8.32,,,,,"23,348,418","235,721,822","10,370,272",9.91
2016,GA,Final,"6,659,243","57,889,379","4,240,421",11.5,"4,687,610","47,761,768","567,426",9.81,"1,884,161","32,290,121","21,778",5.84,"8,677","170,971",1,5.08,,,,,"13,239,690","138,112,239","4,829,626",9.59
2016,HI,Final,"717,390","2,611,727","430,942",27.47,"766,699","3,111,282","60,836",24.64,"770,337","3,722,380",801,20.69,0,0,0,,,,,,"2,254,426","9,445,389","492,578",23.87
2016,IA,Final,"1,682,433","14,093,678","1,358,898",11.94,"1,126,795","12,291,332","235,822",9.17,"1,333,452","22,046,183","7,726",6.05,0,0,0,,,,,,"4,142,680","48,431,193","1,602,446",8.55
2016,ID,Final,"813,497","8,172,022","714,364",9.95,"487,083","6,279,129","107,551",7.76,"564,023","8,611,810","27,848",6.55,0,0,0,,,,,,"1,864,603","23,062,961","849,763",8.08
2016,IL,Final,"5,764,945","45,990,052","5,231,540",12.54,"4,591,721","50,910,054","606,951",9.02,"2,839,682","43,631,754","6,054",6.51,"34,577","518,549",3,6.67,,,,,"13,230,925","141,050,409","5,844,548",9.38
2016,IN,Final,"3,892,459","33,025,955","2,821,547",11.79,"2,425,318","24,228,779","350,642",10.01,"3,237,626","46,429,174","18,084",6.97,"2,054","20,913",1,9.82,,,,,"9,557,456","103,704,821","3,190,274",9.22
2016,KS,Final,"1,764,173","13,509,235","1,252,839",13.06,"1,663,730","15,887,392","232,921",10.47,"854,601","11,413,547","23,730",7.49,0,0,0,,,,,,"4,282,504","40,810,174","1,509,490",10.49
2016,KY,Final,"2,763,077","26,338,437","1,957,189",10.49,"1,912,414","19,981,122","302,039",9.57,"1,600,131","28,234,016","7,306",5.67,0,0,0,,,,,,"6,275,622","74,553,575","2,266,534",8.42
2016,LA,Final,"2,861,963","30,650,067","2,059,701",9.34,"2,139,380","24,895,713","289,777",8.59,"1,822,080","35,894,652","19,231",5.08,"1,104","12,227",1,9.03,,,,,"6,824,527","91,452,659","2,368,709",7.46
2016,MA,Final,"3,741,859","19,692,896","2,740,862",19,"4,045,730","25,933,809","402,934",15.6,"1,004,205","7,507,380","13,673",13.38,"20,303","341,803",2,5.94,,,,,"8,812,097","53,475,888","3,157,471",16.48
2016,MD,Final,"3,886,430","27,316,871","2,288,301",14.23,"3,262,005","29,675,993","250,937",10.99,"301,389","3,821,476","8,822",7.89,"42,342","539,571",5,7.85,,,,,"7,492,166","61,353,911","2,548,065",12.21
2016,ME,Final,"725,746","4,585,825","699,321",15.83,"481,742","3,986,488","97,948",12.08,"257,723","2,876,638","3,030",8.96,0,0,0,,,,,,"1,465,210","11,448,951","800,299",12.8
2016,MI,Final,"5,258,083","34,543,262","4,311,007",15.22,"4,146,763","38,985,906","538,671",10.64,"2,137,716","30,934,422","6,191",6.91,491,"4,223",1,11.63,,,,,"11,543,053","104,467,813","4,855,870",11.05
2016,MN,Final,"2,762,790","21,803,791","2,378,679",12.67,"2,316,287","23,501,739","291,567",9.86,"1,564,118","21,216,798","9,003",7.37,"2,432","24,164",1,10.06,,,,,"6,645,626","66,546,492","2,679,249",9.99
2016,MO,Final,"3,850,746","34,354,932","2,751,460",11.21,"2,845,734","30,728,480","376,710",9.26,"962,263","13,513,245","10,169",7.12,"1,779","21,399",2,8.31,,,,,"7,660,522","78,618,056","3,138,339",9.74
2016,MS,Final,"1,931,958","18,458,928","1,278,616",10.47,"1,390,347","14,522,538","232,885",9.57,"931,023","16,068,698","11,216",5.79,0,0,0,,,,,,"4,253,328","49,050,164","1,522,717",8.67
2016,MT,Final,"530,661","4,852,547","497,171",10.94,"492,348","4,831,636","105,935",10.19,"223,302","4,416,418","9,813",5.06,0,0,0,,,,,,"1,246,312","14,100,601","612,919",8.84
2016,NC,Final,"6,446,114","58,456,809","4,423,529",11.03,"4,189,494","48,604,221","672,608",8.62,"1,725,487","27,336,887","10,055",6.31,505,"6,402",1,7.88,,,,,"12,361,600","134,404,319","5,106,193",9.2
2016,ND,Final,"481,747","4,741,298","377,738",10.16,"580,437","6,346,158","73,573",9.15,"593,271","7,432,732","8,634",7.98,0,0,0,,,,,,"1,655,454","18,520,188","459,945",8.94
2016,NE,Final,"1,055,594","9,738,351","834,032",10.84,"818,933","9,306,827","149,811",8.8,"857,693","11,154,176","61,617",7.69,0,0,0,,,,,,"2,732,220","30,199,354","1,045,460",9.05
2016,NH,Final,"815,783","4,438,407","612,717",18.38,"644,623","4,466,192","106,899",14.43,"246,798","2,000,357","3,249",12.34,0,0,0,,,,,,"1,707,204","10,904,956","722,865",15.66
2016,NJ,Final,"4,573,774","29,090,726","3,510,140",15.72,"4,740,342","38,672,407","514,578",12.26,"741,084","7,293,070","11,928",10.16,"26,323","303,168",6,8.68,,,,,"10,081,522","75,359,371","4,036,653",13.38
2016,NM,Final,"799,336","6,642,511","876,920",12.03,"858,346","8,805,876","141,722",9.75,"443,256","7,591,160","9,324",5.84,0,0,0,,,,,,"2,100,939","23,039,547","1,027,966",9.12
2016,NV,Final,"1,447,619","12,691,942","1,143,668",11.41,"787,864","9,929,076","161,591",7.93,"794,576","13,515,234","3,654",5.88,656,"8,378",1,7.83,,,,,"3,030,715","36,144,630","1,308,914",8.38
2016,NY,Final,"8,933,623","50,831,287","7,118,903",17.58,"11,054,211","76,506,968","1,072,893",14.45,"1,067,777","17,709,218","7,646",6.03,"332,153","2,755,565",8,12.05,,,,,"21,387,763","147,803,038","8,199,449",14.47
2016,OH,Final,"6,551,231","52,524,141","4,911,597",12.47,"4,762,070","47,742,269","623,727",9.97,"3,508,525","50,290,693","19,096",6.98,"3,228","40,693",2,7.93,,,,,"14,825,055","150,597,796","5,554,422",9.84
2016,OK,Final,"2,323,581","22,789,715","1,736,820",10.2,"1,585,720","20,695,703","278,023",7.66,"904,809","18,031,136","19,099",5.02,0,0,0,,,,,,"4,814,110","61,516,554","2,033,941",7.83
2016,OR,Final,"1,980,615","18,573,242","1,706,621",10.66,"1,430,623","16,060,478","231,693",8.91,"768,364","12,691,616","24,629",6.05,"2,224","24,014",2,9.26,,,,,"4,181,825","47,349,350","1,962,945",8.83
2016,PA,Final,"7,470,000","53,877,130","5,335,555",13.86,"4,013,869","43,535,432","696,078",9.22,"3,262,271","47,127,932","23,373",6.92,"60,120","787,189",6,7.64,,,,,"14,806,260","145,327,683","6,055,012",10.19
2016,RI,Final,"573,661","3,081,562","438,506",18.62,"543,194","3,651,317","58,907",14.88,"103,046","764,295","1,821",13.48,"5,071","27,096",1,18.71,,,,,"1,224,972","7,524,270","499,236",16.28
2016,SC,Final,"3,873,817","30,615,596","2,209,780",12.65,"2,288,955","22,274,962","369,408",10.28,"1,625,453","26,686,992","4,065",6.09,0,0,0,,,,,,"7,788,225","79,577,550","2,583,254",9.79
2016,SD,Final,"529,582","4,618,724","392,184",11.47,"450,258","4,698,053","70,746",9.58,"212,936","2,812,753","3,854",7.57,0,0,0,,,,,,"1,192,776","12,129,530","466,784",9.83
2016,TN,Final,"4,349,574","41,773,888","2,812,289",10.41,"3,612,206","35,438,903","480,032",10.19,"1,337,298","23,545,648","1,194",5.68,0,0,0,,,,,,"9,299,078","100,758,439","3,293,515",9.23
2016,TX,Final,"16,048,318","145,973,181","10,521,731",10.99,"11,483,766","139,104,274","1,447,236",8.26,"6,041,600","113,402,713","105,558",5.33,"14,385","181,641",3,7.92,,,,,"33,588,069","398,661,809","12,074,528",8.43
2016,UT,Final,"1,032,342","9,370,656","1,041,826",11.02,"1,012,493","11,565,312","124,537",8.75,"581,252","9,186,991","9,569",6.33,"5,524","56,575",1,9.76,,,,,"2,631,611","30,179,534","1,175,933",8.72
2016,VA,Final,"5,131,025","45,186,057","3,362,985",11.36,"3,908,785","49,263,847","430,876",7.93,"1,156,879","17,648,014","3,708",6.56,"14,178","182,747",1,7.76,,,,,"10,210,868","112,280,665","3,797,570",9.09
2016,VT,Final,"357,128","2,056,402","312,239",17.37,"292,867","2,014,045","55,602",14.54,"147,875","1,446,003",230,10.23,0,0,0,,,,,,"797,871","5,516,450","368,070",14.46
2016,WA,Final,"3,244,682","34,211,748","2,985,799",9.48,"2,443,432","28,989,062","367,851",8.43,"1,138,532","25,678,420","29,013",4.43,541,"6,086",6,8.89,,,,,"6,827,187","88,885,316","3,382,668",7.68
2016,WI,Final,"3,069,410","21,814,249","2,662,278",14.07,"2,572,429","23,884,088","349,329",10.77,"1,801,630","24,037,811","5,538",7.49,28,190,1,14.68,,,,,"7,443,497","69,736,338","3,017,146",10.67
2016,WV,Final,"1,301,903","11,375,581","860,375",11.44,"731,809","7,825,670","142,711",9.35,"845,770","12,874,895","11,706",6.57,0,0,0,,,,,,"2,879,482","32,076,146","1,014,791",8.98
2016,WY,Final,"306,298","2,751,073","269,647",11.13,"353,660","3,762,315","57,434",9.4,"695,166","10,041,482","10,657",6.92,0,0,0,,,,,,"1,355,124","16,554,870","337,738",8.19
2017,AK,Final,"438,240","2,060,349","285,696",21.27,"510,932","2,704,890","53,472",18.89,"232,117","1,420,560","1,374",16.34,0,0,0,,,,,,"1,181,289","6,185,799","340,542",19.1
2017,AL,Final,"3,786,699","30,181,045","2,213,590",12.55,"2,637,503","22,743,813","369,982",11.6,"2,052,257","33,316,872","8,050",6.16,0,0,0,,,,,,"8,476,458","86,241,730","2,591,621",9.83
2017,AR,Final,"1,749,676","17,026,779","1,380,155",10.28,"1,013,943","11,912,518","191,879",8.51,"1,041,103","17,146,265","35,597",6.07,48,389,2,12.26,,,,,"3,804,770","46,085,951","1,607,633",8.26
2017,AZ,Final,"4,259,275","34,251,220","2,764,355",12.44,"3,115,269","29,681,441","320,557",10.5,"884,209","13,706,041","8,132",6.45,730,"7,560",2,9.65,,,,,"8,259,483","77,646,262","3,093,045",10.64
2017,CA,Final,"16,500,848","90,123,505","13,548,293",18.31,"18,552,244","117,682,380","1,696,068",15.76,"6,189,685","48,627,406","147,756",12.73,"72,460","834,646",15,8.68,,,,,"41,315,237","257,267,937","15,392,132",16.06
2017,CO,Final,"2,264,556","18,615,000","2,288,355",12.17,"2,041,429","20,640,793","370,688",9.89,"1,163,087","15,501,238","16,228",7.5,"7,144","73,155",1,9.77,,,,,"5,476,216","54,830,186","2,675,272",9.99
2017,CT,Final,"2,512,033","12,379,520","1,495,577",20.29,"1,981,398","12,335,414","152,903",16.06,"424,986","3,243,615","4,386",13.1,"19,380","176,981",3,10.95,,,,,"4,937,798","28,135,530","1,652,869",17.55
2017,DC,Final,"309,764","2,394,652","267,448",12.94,"933,369","8,006,225","26,111",11.66,"14,826","180,183",1,8.23,"29,842","335,386",3,8.9,,,,,"1,287,801","10,916,446","293,563",11.8
2017,DE,Final,"622,385","4,662,598","426,072",13.35,"413,794","4,184,668","54,104",9.89,"177,390","2,281,337",853,7.78,0,0,0,,,,,,"1,213,569","11,128,603","481,029",10.9
2017,FL,Final,"14,097,730","121,462,622","9,291,705",11.61,"8,881,601","95,003,681","1,216,936",9.35,"1,299,364","16,601,941","21,289",7.83,"7,443","86,305",2,8.62,,,,,"24,286,139","233,154,549","10,529,932",10.42
2017,GA,Final,"6,516,806","54,771,449","4,296,976",11.9,"4,667,211","46,265,427","572,857",10.09,"1,921,632","32,250,691","23,110",5.96,"9,036","169,053",1,5.35,,,,,"13,114,685","133,456,620","4,892,944",9.83
2017,HI,Final,"775,853","2,629,679","432,952",29.5,"825,062","3,081,632","61,236",26.77,"828,074","3,612,890",783,22.92,0,0,0,,,,,,"2,428,989","9,324,201","494,971",26.05
2017,IA,Final,"1,692,832","13,721,869","1,375,594",12.34,"1,148,435","12,135,026","237,940",9.46,"1,431,706","23,065,102","7,745",6.21,0,0,0,,,,,,"4,272,973","48,921,997","1,621,279",8.73
2017,ID,Final,"876,364","8,727,901","727,567",10.04,"512,663","6,421,001","108,965",7.98,"575,797","8,644,888","28,139",6.66,0,0,0,,,,,,"1,964,825","23,793,790","864,671",8.26
2017,IL,Final,"5,661,904","43,717,391","5,264,333",12.95,"4,542,608","49,987,885","611,666",9.09,"2,782,185","42,970,694","5,694",6.47,"33,051","520,340",3,6.35,,,,,"13,019,748","137,196,310","5,881,696",9.49
2017,IN,Final,"3,878,281","31,551,558","2,834,090",12.29,"2,494,593","23,656,990","352,010",10.54,"3,298,049","43,737,384","17,914",7.54,"2,249","20,036",1,11.23,,,,,"9,673,171","98,965,968","3,204,014",9.77
2017,KS,Final,"1,732,461","13,013,422","1,259,222",13.31,"1,667,404","15,739,290","232,070",10.59,"870,243","11,535,075","24,325",7.54,0,0,0,,,,,,"4,270,108","40,287,787","1,515,617",10.6
2017,KY,Final,"2,699,918","24,882,582","1,971,000",10.85,"1,900,421","19,292,518","304,455",9.85,"1,626,511","28,459,287","7,009",5.72,0,0,0,,,,,,"6,226,850","72,634,387","2,282,465",8.57
2017,LA,Final,"2,874,957","29,531,960","2,073,613",9.74,"2,192,502","24,500,349","291,402",8.95,"2,035,903","37,160,685","19,610",5.48,"1,286","12,941",1,9.93,,,,,"7,104,647","91,205,935","2,384,626",7.79
2017,MA,Final,"3,879,096","19,337,799","2,766,155",20.06,"4,138,004","25,968,044","409,715",15.93,"952,295","6,859,215","10,354",13.88,"21,659","348,263",2,6.22,,,,,"8,991,053","52,513,321","3,186,226",17.12
2017,MD,Final,"3,640,765","26,084,176","2,313,188",13.96,"3,106,559","28,893,046","252,965",10.75,"317,893","3,797,822","8,754",8.37,"40,932","528,841",5,7.74,,,,,"7,106,149","59,303,885","2,574,912",11.98
2017,ME,Final,"740,677","4,638,535","707,792",15.97,"474,531","3,916,786","99,332",12.12,"244,676","2,658,353","3,100",9.2,0,0,0,,,,,,"1,459,884","11,213,674","810,223",13.02
2017,MI,Final,"5,078,011","32,977,374","4,344,318",15.4,"4,217,018","38,325,322","542,961",11,"2,200,758","30,590,574","6,194",7.19,698,"5,823",2,11.99,,,,,"11,496,486","101,899,093","4,893,475",11.28
2017,MN,Final,"2,813,969","21,573,800","2,403,167",13.04,"2,438,774","23,273,897","292,860",10.48,"1,642,588","22,280,917","8,981",7.37,"2,291","23,966",1,9.56,,,,,"6,897,622","67,152,580","2,705,008",10.27
2017,MO,Final,"3,843,968","33,051,080","2,771,120",11.63,"2,858,219","30,176,974","381,632",9.47,"968,061","13,210,525","8,189",7.33,"1,924","22,840",2,8.42,,,,,"7,672,172","76,461,419","3,160,942",10.03
2017,MS,Final,"1,932,657","17,444,016","1,284,576",11.08,"1,449,402","14,256,157","235,243",10.17,"965,966","16,128,614","11,158",5.99,0,0,0,,,,,,"4,348,025","47,828,787","1,530,976",9.09
2017,MT,Final,"572,287","5,224,588","503,309",10.95,"502,970","4,970,119","107,148",10.12,"236,952","4,514,949","9,892",5.25,0,0,0,,,,,,"1,312,209","14,709,656","620,349",8.92
2017,NC,Final,"6,138,404","56,133,960","4,488,036",10.94,"4,042,918","47,890,455","680,963",8.44,"1,699,347","27,393,364","10,045",6.2,303,"3,540",1,8.55,,,,,"11,880,971","131,421,319","5,179,045",9.04
2017,ND,Final,"498,902","4,848,305","380,100",10.29,"600,239","6,529,910","74,527",9.19,"668,782","8,762,211","8,708",7.63,0,0,0,,,,,,"1,767,923","20,140,426","463,336",8.78
2017,NE,Final,"1,060,436","9,667,990","841,959",10.97,"822,118","9,293,401","151,480",8.85,"873,216","11,397,616","62,062",7.66,0,0,0,,,,,,"2,755,770","30,359,007","1,055,501",9.08
2017,NH,Final,"852,981","4,441,497","618,355",19.2,"649,944","4,389,838","107,435",14.81,"241,347","1,955,926","3,219",12.34,0,0,0,,,,,,"1,744,272","10,787,261","729,009",16.17
2017,NJ,Final,"4,344,094","27,761,879","3,536,088",15.65,"4,663,077","37,971,404","517,403",12.28,"742,874","7,343,012","11,774",10.12,"27,027","306,645",6,8.81,,,,,"9,777,072","73,382,940","4,065,270",13.32
2017,NM,Final,"836,772","6,497,207","880,867",12.88,"895,321","8,784,312","143,324",10.19,"475,597","7,728,065","9,395",6.15,0,0,0,,,,,,"2,207,689","23,009,584","1,033,586",9.59
2017,NV,Final,"1,550,498","12,936,791","1,263,100",11.99,"885,747","11,122,755","163,355",7.96,"774,689","12,589,549","3,448",6.15,748,"8,691",1,8.61,,,,,"3,211,682","36,657,786","1,429,904",8.76
2017,NY,Final,"8,849,146","49,080,757","7,144,413",18.03,"11,111,277","75,333,485","1,089,887",14.75,"1,055,297","17,811,455","6,995",5.92,"350,433","2,766,736",8,12.67,,,,,"21,366,152","144,992,433","8,241,303",14.74
2017,OH,Final,"6,287,043","49,795,540","4,936,469",12.63,"4,639,989","46,158,399","627,163",10.05,"3,503,104","50,650,671","18,663",6.92,"2,940","39,221",2,7.5,,,,,"14,433,075","146,643,831","5,582,297",9.84
2017,OK,Final,"2,316,983","21,837,596","1,751,033",10.61,"1,661,847","20,498,860","281,264",8.11,"984,080","18,155,672","18,783",5.42,0,0,0,,,,,,"4,962,910","60,492,128","2,051,080",8.2
2017,OR,Final,"2,138,505","20,065,930","1,725,884",10.66,"1,467,501","16,570,754","233,824",8.86,"800,856","13,381,811","24,381",5.98,"2,367","25,321",2,9.35,,,,,"4,409,228","50,043,816","1,984,090",8.81
2017,PA,Final,"7,359,033","51,724,498","5,356,690",14.23,"3,826,399","42,622,565","698,446",8.98,"3,241,741","47,889,117","22,725",6.77,"54,024","754,716",6,7.16,,,,,"14,481,197","142,990,896","6,077,867",10.13
2017,RI,Final,"554,752","3,028,267","437,124",18.32,"547,549","3,603,085","59,447",15.2,"105,708","725,767","1,783",14.57,"4,707","27,552",1,17.08,,,,,"1,212,716","7,384,671","498,355",16.42
2017,SC,Final,"3,804,261","29,224,971","2,251,556",13.02,"2,300,878","21,758,082","373,069",10.57,"1,677,448","27,113,704","4,380",6.19,0,0,0,,,,,,"7,782,586","78,096,757","2,629,005",9.97
2017,SD,Final,"547,554","4,652,890","396,561",11.77,"459,762","4,722,666","71,264",9.74,"230,254","2,938,119","3,889",7.84,0,0,0,,,,,,"1,237,570","12,313,675","471,714",10.05
2017,TN,Final,"4,213,506","39,292,528","2,847,691",10.72,"3,558,682","33,727,208","484,320",10.55,"1,412,830","24,220,149","1,165",5.83,0,0,0,,,,,,"9,185,018","97,239,885","3,333,176",9.45
2017,TX,Final,"15,886,368","144,242,131","10,809,488",11.01,"11,352,259","137,485,841","1,514,707",8.26,"6,424,254","119,970,143","114,862",5.35,"14,866","182,259",3,8.16,,,,,"33,677,747","401,880,374","12,439,059",8.38
2017,UT,Final,"1,041,820","9,510,783","1,063,289",10.95,"1,014,847","11,739,121","127,109",8.64,"569,088","9,283,036","9,592",6.13,"5,752","56,081",1,10.26,,,,,"2,631,505","30,589,021","1,199,991",8.6
2017,VA,Final,"5,078,889","43,982,440","3,398,529",11.55,"4,023,032","50,200,525","422,253",8.01,"1,117,710","17,168,820","3,694",6.51,"14,431","177,947",1,8.11,,,,,"10,234,062","111,529,732","3,824,477",9.18
2017,VT,Final,"357,641","2,023,424","313,669",17.68,"288,831","1,976,594","56,388",14.61,"145,424","1,423,644",187,10.21,0,0,0,,,,,,"791,896","5,423,662","370,244",14.6
2017,WA,Final,"3,600,615","37,282,901","3,037,672",9.66,"2,553,289","29,799,505","381,028",8.57,"1,143,982","24,858,604","27,822",4.6,658,"7,162",6,9.18,,,,,"7,298,544","91,948,172","3,446,528",7.94
2017,WI,Final,"3,045,972","21,233,154","2,681,338",14.35,"2,570,834","23,641,127","351,706",10.87,"1,813,523","24,204,631","5,664",7.49,28,197,1,14.31,,,,,"7,430,357","69,079,109","3,038,709",10.76
2017,WV,Final,"1,229,699","10,573,463","858,961",11.63,"722,937","7,549,430","143,950",9.58,"902,668","13,586,126","11,530",6.64,0,0,0,,,,,,"2,855,303","31,709,019","1,014,440",9
2017,WY,Final,"315,284","2,772,371","270,575",11.37,"364,808","3,762,086","57,862",9.7,"708,573","10,243,610","10,928",6.92,0,0,0,,,,,,"1,388,664","16,778,067","339,366",8.28
2018,AK,Final,"433,247","1,974,906","287,523",21.94,"491,609","2,646,058","53,954",18.58,"231,156","1,351,503","1,386",17.1,0,0,0,,,,,,"1,156,012","5,972,467","342,864",19.36
2018,AL,Final,"4,027,603","33,080,380","2,229,470",12.18,"2,639,244","23,483,072","371,096",11.24,"2,027,940","33,722,093","7,344",6.01,0,0,0,,,,,,"8,694,787","90,285,545","2,607,910",9.63
2018,AR,Final,"1,888,657","19,259,204","1,388,359",9.81,"951,473","12,278,279","196,482",7.75,"1,018,825","18,064,787","36,597",5.64,50,438,2,11.35,,,,,"3,859,004","49,602,708","1,621,441",7.78
2018,AZ,Final,"4,425,192","34,660,297","2,808,351",12.77,"3,158,290","29,683,550","322,133",10.64,"916,272","13,994,441","7,790",6.55,803,"8,014",2,10.02,,,,,"8,500,556","78,346,302","3,138,275",10.85
2018,CA,Final,"16,782,222","89,099,985","13,591,149",18.84,"18,924,312","115,786,492","1,714,872",16.34,"6,561,108","49,713,251","148,740",13.2,"64,821","749,882",12,8.64,,,,,"42,332,462","255,349,610","15,454,773",16.58
2018,CO,Final,"2,342,778","19,286,952","2,326,974",12.15,"2,105,709","21,023,300","376,101",10.02,"1,198,532","16,047,258","15,981",7.47,"8,371","92,970",1,9,,,,,"5,655,389","56,450,480","2,719,057",10.02
2018,CT,Final,"2,769,009","13,061,372","1,503,701",21.2,"2,074,985","12,381,063","153,825",16.76,"441,996","3,209,992","4,308",13.77,"23,296","181,498",4,12.84,,,,,"5,309,285","28,833,925","1,661,837",18.41
2018,DC,Final,"332,869","2,592,242","274,613",12.84,"985,752","8,236,225","26,336",11.97,"15,982","192,662",1,8.3,"32,125","336,781",3,9.54,,,,,"1,366,729","11,357,910","300,953",12.03
2018,DE,Final,"635,362","5,070,175","432,449",12.53,"419,179","4,342,340","54,905",9.65,"187,698","2,360,585",837,7.95,0,0,0,,,,,,"1,242,239","11,773,100","488,191",10.55
2018,FL,Final,"14,485,280","125,528,047","9,423,019",11.54,"8,845,109","96,265,276","1,229,556",9.19,"1,312,157","17,116,827","21,373",7.67,"6,854","82,939",2,8.26,,,,,"24,649,399","238,993,089","10,673,951",10.31
2018,GA,Final,"6,847,325","59,689,106","4,354,020",11.47,"4,633,071","47,311,675","579,467",9.79,"1,963,178","32,695,791","23,066",6,"9,354","169,502",1,5.52,,,,,"13,452,928","139,866,074","4,956,554",9.62
2018,HI,Final,"880,207","2,710,698","436,266",32.47,"906,817","3,033,009","59,662",29.9,"937,994","3,593,454",814,26.1,0,0,0,,,,,,"2,725,018","9,337,161","496,741",29.18
2018,IA,Final,"1,817,122","14,840,349","1,385,752",12.24,"1,202,958","12,420,976","239,716",9.68,"1,546,011","23,952,635","7,886",6.45,0,0,0,,,,,,"4,566,091","51,213,960","1,633,354",8.92
2018,ID,Final,"855,157","8,427,578","743,564",10.15,"510,534","6,436,893","110,794",7.93,"575,247","8,889,037","28,416",6.47,0,0,0,,,,,,"1,940,939","23,753,508","882,774",8.17
2018,IL,Final,"6,028,532","47,225,915","5,289,571",12.77,"4,631,432","50,762,829","616,195",9.12,"2,998,939","44,114,711","5,718",6.8,"37,205","551,353",3,6.75,,,,,"13,696,108","142,654,808","5,911,487",9.6
2018,IN,Final,"4,239,862","34,574,664","2,863,350",12.26,"2,575,962","24,305,199","354,722",10.6,"3,345,716","45,315,949","17,768",7.38,"2,213","21,191",1,10.44,,,,,"10,163,753","104,217,003","3,235,841",9.75
2018,KS,Final,"1,894,142","14,187,192","1,266,041",13.35,"1,723,136","16,168,750","234,094",10.66,"887,869","11,688,061","24,185",7.6,0,0,0,,,,,,"4,505,147","42,044,003","1,524,320",10.72
2018,KY,Final,"2,936,379","27,712,722","1,980,206",10.6,"1,945,913","19,980,485","305,410",9.74,"1,642,598","28,917,429","6,749",5.68,0,0,0,,,,,,"6,524,890","76,610,636","2,292,366",8.52
2018,LA,Final,"3,074,086","32,065,538","2,085,054",9.59,"2,184,935","24,690,904","292,750",8.85,"2,002,500","37,416,715","19,558",5.35,"1,189","12,915",1,9.21,,,,,"7,262,710","94,186,072","2,397,363",7.71
2018,MA,Final,"4,383,449","20,284,674","2,784,243",21.61,"4,456,596","25,952,481","408,971",17.17,"997,600","6,699,302","10,503",14.89,"22,255","348,572",2,6.38,,,,,"9,859,899","53,285,029","3,203,718",18.5
2018,MD,Final,"3,741,620","28,138,474","2,332,516",13.3,"3,082,523","29,547,518","254,163",10.43,"318,402","3,870,188","8,801",8.23,"39,440","530,275",5,7.44,,,,,"7,181,985","62,086,455","2,595,484",11.57
2018,ME,Final,"820,564","4,872,001","709,849",16.84,"556,411","4,447,245","96,065",12.51,"282,922","3,035,573","3,064",9.32,0,0,0,,,,,,"1,659,897","12,354,819","808,978",13.44
2018,MI,Final,"5,426,835","35,131,422","4,365,526",15.45,"4,339,291","38,925,268","543,258",11.15,"2,187,188","30,806,023","5,969",7.1,730,"6,783",2,10.76,,,,,"11,954,044","104,869,496","4,914,755",11.4
2018,MN,Final,"3,001,391","22,837,140","2,420,321",13.14,"2,429,217","23,398,557","295,849",10.38,"1,691,551","22,467,848","9,403",7.53,"2,475","25,832",1,9.58,,,,,"7,124,633","68,729,377","2,725,574",10.37
2018,MO,Final,"4,248,638","37,463,390","2,792,451",11.34,"2,931,288","31,179,283","384,490",9.4,"966,351","13,391,779","8,085",7.22,"2,008","23,575",2,8.52,,,,,"8,148,285","82,058,027","3,185,027",9.93
2018,MS,Final,"2,146,535","19,310,527","1,290,280",11.12,"1,515,723","14,530,226","236,870",10.43,"993,099","16,549,315","10,988",6,0,0,0,,,,,,"4,655,357","50,390,068","1,538,138",9.24
2018,MT,Final,"569,768","5,197,686","509,527",10.96,"497,390","4,921,231","108,694",10.11,"245,120","4,719,928","9,913",5.19,0,0,0,,,,,,"1,312,278","14,838,845","628,134",8.84
2018,NC,Final,"6,834,735","61,622,454","4,550,417",11.09,"4,228,751","49,298,402","691,668",8.58,"1,732,852","27,360,113","10,028",6.33,"1,042","12,988",1,8.02,,,,,"12,797,380","138,293,957","5,252,113",9.25
2018,ND,Final,"526,145","5,133,171","382,592",10.25,"621,753","6,835,913","75,147",9.1,"694,475","8,700,422","8,984",7.98,0,0,0,,,,,,"1,842,373","20,669,506","466,723",8.91
2018,NE,Final,"1,114,442","10,412,008","849,891",10.7,"843,309","9,553,396","153,745",8.83,"833,976","10,974,088","61,963",7.6,0,0,0,,,,,,"2,791,727","30,939,492","1,065,599",9.02
2018,NH,Final,"913,613","4,641,013","622,670",19.69,"702,541","4,442,560","107,804",15.81,"263,361","1,962,711","3,175",13.42,0,0,0,,,,,,"1,879,514","11,046,284","733,650",17.01
2018,NJ,Final,"4,550,431","29,530,689","3,568,043",15.41,"4,736,982","38,807,065","521,429",12.21,"741,934","7,369,106","11,876",10.07,"28,094","309,902",6,9.07,,,,,"10,057,440","76,016,762","4,101,354",13.23
2018,NM,Final,"865,755","6,826,442","889,838",12.68,"905,498","9,035,272","143,873",10.02,"478,397","8,186,897","9,359",5.84,0,0,0,,,,,,"2,249,649","24,048,611","1,043,071",9.35
2018,NV,Final,"1,593,360","13,449,743","1,183,659",11.85,"938,631","12,123,896","164,983",7.74,"744,443","12,198,273","3,445",6.1,694,"8,351",1,8.31,,,,,"3,277,128","37,780,263","1,352,087",8.67
2018,NY,Final,"9,658,622","52,153,246","7,190,903",18.52,"11,128,003","76,745,463","1,106,644",14.5,"1,087,828","18,076,792","6,882",6.02,"358,602","2,954,350",8,12.14,,,,,"22,233,054","149,929,851","8,304,437",14.83
2018,OH,Final,"6,839,823","54,451,714","4,964,849",12.56,"4,768,817","47,191,540","630,204",10.11,"3,591,707","51,235,995","18,716",7.01,"2,632","35,918",2,7.33,,,,,"15,202,980","152,915,167","5,613,770",9.94
2018,OK,Final,"2,484,031","24,116,808","1,764,979",10.3,"1,712,885","21,229,143","282,873",8.07,"1,027,324","19,229,365","18,700",5.34,0,0,0,,,,,,"5,224,240","64,575,316","2,066,552",8.09
2018,OR,Final,"2,079,228","18,930,583","1,750,239",10.98,"1,467,790","16,470,027","237,942",8.91,"816,303","13,921,208","24,884",5.86,"2,381","25,996",2,9.16,,,,,"4,365,701","49,347,814","2,013,067",8.85
2018,PA,Final,"7,764,870","55,896,453","5,390,427",13.89,"3,864,304","43,221,520","716,936",8.94,"3,361,586","49,155,499","11,740",6.84,"54,696","703,259",6,7.78,,,,,"15,045,455","148,976,731","6,119,109",10.1
2018,RI,Final,"642,041","3,124,168","442,006",20.55,"613,083","3,697,587","60,127",16.58,"113,051","734,618","1,773",15.39,"4,586","26,966",1,17.01,,,,,"1,372,759","7,583,339","503,907",18.1
2018,SC,Final,"3,962,861","31,852,419","2,290,200",12.44,"2,247,543","22,232,833","376,843",10.11,"1,689,887","27,701,989","4,575",6.1,0,0,0,,,,,,"7,900,291","81,787,241","2,671,617",9.66
2018,SD,Final,"581,764","5,018,360","400,147",11.59,"471,755","4,903,243","72,106",9.62,"228,849","2,944,042","3,996",7.77,0,0,0,,,,,,"1,282,368","12,865,645","476,248",9.97
2018,TN,Final,"4,751,657","44,381,957","2,882,983",10.71,"3,881,859","36,930,451","491,565",10.51,"1,227,684","21,598,775","1,011",5.68,0,0,0,,,,,,"9,861,200","102,911,183","3,375,559",9.58
2018,TX,Final,"17,609,632","157,267,913","11,148,781",11.2,"11,714,651","143,524,631","1,591,146",8.16,"6,660,900","123,548,620","125,718",5.39,"15,123","187,255",3,8.08,,,,,"36,000,306","424,528,419","12,865,648",8.48
2018,UT,Final,"1,011,446","9,714,507","1,091,159",10.41,"994,353","12,083,833","130,049",8.23,"553,971","9,392,709","9,664",5.9,"5,439","51,359",1,10.59,,,,,"2,565,210","31,242,408","1,230,874",8.21
2018,VA,Final,"5,624,478","47,962,606","3,431,575",11.73,"4,346,838","52,268,211","431,057",8.32,"1,218,100","17,757,233","3,710",6.86,"16,434","198,595",1,8.28,,,,,"11,205,850","118,186,645","3,866,343",9.48
2018,VT,Final,"381,309","2,116,045","315,137",18.02,"305,338","2,003,515","57,036",15.24,"150,385","1,411,388",205,10.66,0,0,0,,,,,,"837,032","5,530,948","372,378",15.13
2018,WA,Final,"3,446,381","35,338,978","3,076,868",9.75,"2,562,244","29,396,404","384,365",8.72,"1,191,154","25,263,272","27,284",4.71,670,"7,137",6,9.39,,,,,"7,200,449","90,005,791","3,488,523",8
2018,WI,Final,"3,146,512","22,444,733","2,700,651",14.02,"2,571,728","24,095,931","354,637",10.67,"1,790,668","24,424,585","5,783",7.33,29,208,1,13.85,,,,,"7,508,936","70,965,457","3,061,073",10.58
2018,WV,Final,"1,306,097","11,679,455","859,039",11.18,"718,595","7,774,429","144,476",9.24,"907,954","14,192,929","11,515",6.4,0,0,0,,,,,,"2,932,646","33,646,813","1,015,030",8.72
2018,WY,Final,"310,226","2,748,356","272,429",11.29,"359,772","3,757,211","58,316",9.58,"694,804","10,359,111","10,939",6.71,0,0,0,,,,,,"1,364,803","16,864,678","341,684",8.09
2019,AK,Final,"441,887","1,928,208","289,292",22.92,"522,388","2,638,846","55,079",19.8,"212,081","1,251,751","1,124",16.94,0,0,0,,,,,,"1,176,356","5,818,805","345,495",20.22
2019,AL,Final,"4,061,182","32,415,646","2,249,426",12.53,"2,657,626","23,076,470","369,798",11.52,"1,939,949","32,602,996","7,244",5.95,0,0,0,,,,,,"8,658,756","88,095,112","2,626,467",9.83
2019,AR,Final,"1,834,859","18,732,316","1,396,869",9.8,"1,049,648","11,948,689","198,859",8.78,"1,067,717","17,411,611","34,865",6.13,49,416,2,11.73,,,,,"3,952,274","48,093,032","1,630,595",8.22
2019,AZ,Final,"4,317,059","34,720,050","2,853,182",12.43,"3,013,741","29,415,272","326,191",10.25,"865,241","13,782,704","7,899",6.28,"1,079","11,144",2,9.68,,,,,"8,197,120","77,929,170","3,187,274",10.52
2019,CA,Final,"16,763,780","87,523,987","13,707,126",19.15,"19,052,164","114,279,373","1,718,599",16.67,"6,405,718","47,807,729","147,658",13.4,"68,402","767,621",12,8.91,,,,,"42,290,064","250,378,710","15,573,394",16.89
2019,CO,Final,"2,362,565","19,404,743","2,370,162",12.18,"2,202,661","21,111,259","380,607",10.43,"1,175,300","15,891,020","14,386",7.4,"9,905","113,801",1,8.7,,,,,"5,750,431","56,520,823","2,765,156",10.17
2019,CT,Final,"2,732,697","12,493,550","1,510,966",21.87,"2,035,899","12,157,788","151,980",16.75,"412,704","3,071,792","4,203",13.44,"24,209","176,866",3,13.69,,,,,"5,205,509","27,899,996","1,667,152",18.66
2019,DC,Final,"330,686","2,546,920","282,277",12.98,"974,995","7,952,305","26,471",12.26,"14,774","179,632",1,8.22,"33,199","349,546",3,9.5,,,,,"1,353,655","11,028,403","308,752",12.27
2019,DE,Final,"627,984","5,004,131","439,168",12.55,"421,499","4,421,465","55,802",9.53,"157,385","2,043,826",866,7.7,0,0,0,,,,,,"1,206,868","11,469,422","495,836",10.52
2019,FL,Final,"14,882,751","127,181,551","9,565,845",11.7,"8,950,252","96,566,532","1,240,900",9.27,"1,263,326","16,514,482","23,579",7.65,"7,103","85,390",2,8.32,,,,,"25,103,431","240,347,955","10,830,326",10.44
2019,GA,Final,"6,979,149","59,331,491","4,411,521",11.76,"4,751,931","47,411,823","585,574",10.02,"1,998,924","32,393,384","23,538",6.17,"9,608","164,292",1,5.85,,,,,"13,739,612","139,300,990","5,020,633",9.86
2019,HI,Final,"884,847","2,759,774","438,352",32.06,"893,824","3,057,866","59,878",29.23,"936,272","3,635,247",823,25.76,0,0,0,,,,,,"2,714,942","9,452,887","499,054",28.72
2019,IA,Final,"1,805,899","14,494,821","1,392,978",12.46,"1,230,296","12,309,610","241,733",9.99,"1,599,654","24,238,717","8,563",6.6,0,0,0,,,,,,"4,635,849","51,043,148","1,643,274",9.08
2019,ID,Final,"860,048","8,696,843","763,842",9.89,"493,892","6,440,943","112,136",7.67,"538,026","8,847,489","28,492",6.08,0,0,0,,,,,,"1,891,966","23,985,275","904,470",7.89
2019,IL,Final,"5,890,958","45,220,258","5,314,523",13.03,"4,475,930","49,278,746","622,802",9.08,"2,821,770","43,250,445","5,737",6.52,"39,370","570,032",3,6.91,,,,,"13,228,027","138,319,481","5,943,065",9.56
2019,IN,Final,"4,182,919","33,249,234","2,887,031",12.58,"2,593,902","23,517,681","358,791",11.03,"3,334,726","45,316,682","18,803",7.36,"2,218","20,606",1,10.76,,,,,"10,113,765","102,104,203","3,264,625",9.91
2019,KS,Final,"1,732,742","13,630,661","1,274,955",12.71,"1,637,848","15,916,325","235,235",10.29,"853,134","11,612,642","24,231",7.35,0,0,0,,,,,,"4,223,724","41,159,628","1,534,421",10.26
2019,KY,Final,"2,869,131","26,573,076","1,991,139",10.8,"1,990,820","19,611,510","309,828",10.15,"1,624,405","29,160,796","6,147",5.57,0,0,0,,,,,,"6,484,356","75,345,382","2,307,114",8.61
2019,LA,Final,"3,035,095","30,986,024","2,095,466",9.8,"2,163,564","24,284,298","295,153",8.91,"1,979,112","37,846,317","19,372",5.23,"1,079","11,886",1,9.08,,,,,"7,178,850","93,128,525","2,409,991",7.71
2019,MA,Final,"4,233,106","19,314,571","2,802,098",21.92,"4,255,443","25,336,834","410,996",16.8,"935,805","6,341,699","11,020",14.76,"21,138","343,494",2,6.15,,,,,"9,445,492","51,336,598","3,224,116",18.4
2019,MD,Final,"3,611,327","27,533,693","2,352,534",13.12,"2,879,566","28,893,335","256,165",9.97,"290,022","3,718,412","8,934",7.8,"42,367","575,218",5,7.37,,,,,"6,823,282","60,720,658","2,617,638",11.24
2019,ME,Final,"857,569","4,793,809","710,869",17.89,"532,119","4,148,305","99,737",12.83,"257,281","2,789,926","2,893",9.22,0,0,0,,,,,,"1,646,968","11,732,040","813,498",14.04
2019,MI,Final,"5,273,119","33,495,725","4,384,303",15.74,"4,313,039","37,860,783","544,686",11.39,"2,114,082","29,886,432","5,724",7.07,671,"6,353",2,10.56,,,,,"11,700,911","101,249,293","4,934,715",11.56
2019,MN,Final,"2,906,625","22,288,152","2,446,108",13.04,"2,369,105","22,904,299","299,993",10.34,"1,636,945","21,748,034","8,995",7.53,"2,383","25,109",1,9.49,,,,,"6,915,058","66,965,594","2,755,096",10.33
2019,MO,Final,"3,975,602","35,691,426","2,811,863",11.14,"2,733,866","30,133,114","384,786",9.07,"924,819","13,009,718","10,095",7.11,"1,855","23,517",2,7.89,,,,,"7,636,141","78,857,775","3,206,746",9.68
2019,MS,Final,"2,108,801","18,717,858","1,293,417",11.27,"1,497,763","14,238,982","237,625",10.52,"936,158","15,994,186","10,379",5.85,0,0,0,,,,,,"4,542,721","48,951,026","1,541,421",9.28
2019,MT,Final,"590,943","5,308,103","516,052",11.13,"515,875","4,956,080","109,460",10.41,"275,675","5,057,088","11,284",5.45,0,0,0,,,,,,"1,382,494","15,321,271","636,796",9.02
2019,NC,Final,"6,834,017","59,852,793","4,620,856",11.42,"4,330,825","49,173,038","705,588",8.81,"1,726,559","27,391,009","9,871",6.3,"1,533","18,691",1,8.2,,,,,"12,892,934","136,435,531","5,336,316",9.45
2019,ND,Final,"527,970","5,125,431","385,037",10.3,"633,843","7,035,031","76,354",9.01,"746,676","9,398,793","8,800",7.94,0,0,0,,,,,,"1,908,490","21,559,255","470,191",8.85
2019,NE,Final,"1,109,655","10,307,905","855,617",10.77,"836,870","9,456,725","153,812",8.85,"812,630","10,618,560","62,198",7.65,0,0,0,,,,,,"2,759,154","30,383,190","1,071,627",9.08
2019,NH,Final,"903,574","4,506,830","627,258",20.05,"682,119","4,280,854","108,246",15.93,"251,844","1,923,973","3,193",13.09,0,0,0,,,,,,"1,837,537","10,711,657","738,697",17.15
2019,NJ,Final,"4,534,973","28,612,555","3,596,835",15.85,"4,650,585","38,012,684","523,795",12.23,"710,108","6,990,063","11,780",10.16,"26,513","301,402",6,8.8,,,,,"9,922,179","73,916,704","4,132,416",13.42
2019,NM,Final,"859,664","6,871,561","895,087",12.51,"884,212","9,028,861","144,960",9.79,"492,124","8,979,712","9,456",5.48,0,0,0,,,,,,"2,235,999","24,880,134","1,049,503",8.99
2019,NV,Final,"1,544,743","12,867,637","1,204,995",12,"938,867","11,681,186","167,627",8.04,"762,826","12,425,536","3,265",6.14,683,"8,027",1,8.51,,,,,"3,247,118","36,982,386","1,375,888",8.78
2019,NY,Final,"8,995,439","50,141,003","7,235,400",17.94,"10,556,658","75,090,820","1,121,102",14.06,"985,033","17,548,457","7,607",5.61,"346,400","2,820,065",8,12.28,,,,,"20,883,531","145,600,345","8,364,117",14.34
2019,OH,Final,"6,464,453","52,226,097","4,980,934",12.38,"4,469,895","46,008,937","632,793",9.72,"3,292,193","50,249,178","19,796",6.55,"2,574","37,708",2,6.83,,,,,"14,229,116","148,521,920","5,633,525",9.58
2019,OK,Final,"2,429,743","23,805,972","1,777,155",10.21,"1,603,441","20,085,991","285,641",7.98,"1,059,116","20,903,983","19,905",5.07,0,0,0,,,,,,"5,092,299","64,795,946","2,082,701",7.86
2019,OR,Final,"2,123,882","19,286,182","1,763,783",11.01,"1,453,026","16,422,975","240,486",8.85,"858,920","14,668,288","25,165",5.86,"2,461","26,941",2,9.14,,,,,"4,438,290","50,404,386","2,029,437",8.81
2019,PA,Final,"7,508,619","54,396,182","5,418,870",13.8,"3,498,024","40,142,710","716,991",8.71,"3,230,283","50,422,724","13,786",6.41,"44,937","618,767",6,7.26,,,,,"14,281,864","145,580,383","6,149,653",9.81
2019,RI,Final,"648,292","2,983,012","444,216",21.73,"597,112","3,644,482","60,671",16.38,"108,412","695,416","1,758",15.59,"4,994","27,005",1,18.49,,,,,"1,358,809","7,349,915","506,646",18.49
2019,SC,Final,"4,048,095","31,159,957","2,330,901",12.99,"2,344,564","22,168,328","385,285",10.58,"1,643,068","26,877,335","3,702",6.11,0,0,0,,,,,,"8,035,727","80,205,620","2,719,888",10.02
2019,SD,Final,"584,266","5,057,032","403,715",11.55,"468,846","4,888,034","73,546",9.59,"228,300","2,923,865","4,086",7.81,0,0,0,,,,,,"1,281,412","12,868,931","481,347",9.96
2019,TN,Final,"4,628,861","42,573,183","2,914,916",10.87,"3,850,725","36,151,394","497,496",10.65,"1,198,249","21,104,523","1,016",5.68,0,0,0,,,,,,"9,677,835","99,829,100","3,413,428",9.69
2019,TX,Final,"18,286,991","155,481,342","11,366,635",11.76,"11,440,049","142,001,524","1,537,107",8.06,"7,171,361","131,673,922","232,425",5.45,"12,022","186,616",3,6.44,,,,,"36,910,422","429,343,404","13,136,170",8.6
2019,UT,Final,"1,013,001","9,739,525","1,116,145",10.4,"979,491","11,860,449","132,082",8.26,"567,343","9,490,843","10,344",5.98,"5,498","51,748",1,10.62,,,,,"2,565,333","31,142,565","1,258,572",8.24
2019,VA,Final,"5,632,066","46,666,163","3,464,676",12.07,"4,417,181","53,981,176","434,174",8.18,"1,206,041","17,598,247","3,723",6.85,"15,690","189,794",1,8.27,,,,,"11,270,978","118,435,380","3,902,574",9.52
2019,VT,Final,"368,721","2,081,545","316,182",17.71,"309,173","1,934,464","58,320",15.98,"155,930","1,411,655",242,11.05,0,0,0,,,,,,"833,823","5,427,664","374,743",15.36
2019,WA,Final,"3,544,716","36,512,424","3,126,191",9.71,"2,561,371","29,269,638","389,144",8.75,"1,209,353","25,171,873","26,827",4.8,"9,341","98,861",5,9.45,,,,,"7,324,781","91,052,796","3,542,167",8.04
2019,WI,Final,"3,117,985","21,995,360","2,720,288",14.18,"2,525,071","23,546,114","356,558",10.72,"1,727,052","23,614,832","5,520",7.31,171,"1,234",2,13.85,,,,,"7,370,279","69,157,540","3,082,368",10.66
2019,WV,Final,"1,254,560","11,153,219","857,666",11.25,"693,448","7,567,130","145,224",9.16,"875,173","14,526,664","11,562",6.02,0,0,0,,,,,,"2,823,181","33,247,013","1,014,452",8.49
2019,WY,Final,"318,423","2,849,378","274,880",11.18,"344,712","3,575,477","58,324",9.64,"695,295","10,338,641","11,294",6.73,0,0,0,,,,,,"1,358,431","16,763,496","344,498",8.1
2020,AK,Preliminary,"478,796","2,094,115","292,863",22.86,"506,064","2,545,790","55,363",19.88,"212,019","1,285,924","1,419",16.49,0,0,0,,,,,,"1,196,880","5,925,829","349,645",20.2
2020,AL,Preliminary,"4,028,699","31,832,617","2,312,271",12.66,"2,427,703","20,949,392","373,631",11.59,"1,811,026","30,667,209","8,162",5.91,0,0,0,,,,,,"8,267,427","83,449,218","2,694,064",9.91
2020,AR,Preliminary,"1,885,328","18,120,950","1,428,658",10.4,"944,634","11,016,157","195,414",8.57,"947,592","16,647,446","35,703",5.69,27,199,2,13.35,,,,,"3,777,580","45,784,752","1,659,777",8.25
2020,AZ,Preliminary,"4,803,198","38,699,762","2,894,874",12.41,"2,980,509","29,016,362","330,196",10.27,"844,997","13,793,657","5,924",6.13,"1,064","11,341",2,9.38,,,,,"8,629,768","81,521,121","3,230,995",10.59
2020,CA,Preliminary,"19,479,872","94,972,172","13,847,664",20.51,"18,668,440","105,340,022","1,710,501",17.72,"6,752,304","46,837,530","147,601",14.42,"60,592","601,869",13,10.07,,,,,"44,961,207","247,751,593","15,705,779",18.15
2020,CO,Preliminary,"2,569,688","20,660,971","2,400,949",12.44,"2,037,765","19,604,954","372,051",10.39,"1,161,525","16,014,783","14,864",7.25,"8,126","94,079",1,8.64,,,,,"5,777,103","56,374,786","2,787,865",10.25
2020,CT,Preliminary,"2,911,380","12,973,315","1,522,548",22.44,"1,881,967","11,097,595","155,093",16.96,"374,596","2,816,928","4,113",13.3,"17,050","125,646",3,13.57,,,,,"5,184,993","27,013,483","1,681,756",19.19
2020,DC,Preliminary,"309,807","2,452,586","290,466",12.63,"802,205","6,711,584","26,670",11.95,"16,253","201,370",1,8.07,"31,262","322,032",3,9.71,,,,,"1,159,527","9,687,572","317,140",11.97
2020,DE,Preliminary,"628,116","4,944,765","442,665",12.7,"384,776","4,122,126","55,954",9.33,"126,858","1,827,785",550,6.94,0,0,0,,,,,,"1,139,750","10,894,675","499,169",10.46
2020,FL,Preliminary,"15,053,984","129,953,749","9,673,112",11.58,"8,362,111","91,398,082","1,258,808",9.15,"1,168,630","16,180,815","20,422",7.22,"5,747","74,649",2,7.7,,,,,"24,590,472","237,607,296","10,952,345",10.35
2020,GA,Preliminary,"6,957,978","58,866,545","4,537,287",11.82,"4,374,494","44,401,245","593,517",9.85,"1,646,892","29,832,824","19,518",5.52,"7,583","140,609",1,5.39,,,,,"12,986,947","133,241,223","5,150,323",9.75
2020,HI,Preliminary,"860,666","2,838,875","440,483",30.32,"755,075","2,623,243","59,772",28.78,"795,210","3,250,973",815,24.46,0,0,0,,,,,,"2,410,951","8,713,090","501,070",27.67
2020,IA,Preliminary,"1,874,612","14,441,595","1,424,926",12.98,"1,187,699","11,601,695","249,325",10.24,"1,557,387","23,761,531","6,840",6.55,0,0,0,,,,,,"4,619,697","49,804,821","1,681,091",9.28
2020,ID,Preliminary,"889,562","8,899,070","780,330",10,"484,734","6,254,262","114,446",7.75,"568,041","9,093,857","29,002",6.25,0,0,0,,,,,,"1,942,336","24,247,189","923,778",8.01
2020,IL,Preliminary,"5,945,913","46,309,368","5,372,154",12.84,"4,107,703","45,914,853","626,762",8.95,"2,520,055","39,105,100","3,970",6.44,"29,751","449,959",3,6.61,,,,,"12,603,422","131,779,280","6,002,890",9.56
2020,IN,Preliminary,"4,063,769","32,440,280","2,925,923",12.53,"2,432,895","22,286,669","362,242",10.92,"2,600,504","38,602,740","15,916",6.74,"1,839","18,001",1,10.21,,,,,"9,099,007","93,347,689","3,304,082",9.75
2020,KS,Preliminary,"1,730,511","13,598,142","1,300,477",12.73,"1,503,603","14,562,073","237,877",10.33,"732,135","10,265,065","25,013",7.13,0,0,0,,,,,,"3,966,249","38,425,279","1,563,367",10.32
2020,KY,Preliminary,"2,836,626","26,191,061","2,043,926",10.83,"1,840,227","18,041,086","310,774",10.2,"1,344,770","26,086,746","5,328",5.15,0,0,0,,,,,,"6,021,623","70,318,892","2,360,028",8.56
2020,LA,Preliminary,"2,932,142","30,953,790","2,141,421",9.47,"2,004,469","22,894,356","295,716",8.76,"1,609,617","33,424,336","18,494",4.82,940,"10,832",1,8.68,,,,,"6,547,168","87,283,314","2,455,632",7.5
2020,MA,Preliminary,"4,455,738","20,227,944","2,829,436",22.03,"3,711,538","23,209,939","424,841",15.99,"738,532","5,693,900","7,549",12.97,"20,158","323,287",2,6.24,,,,,"8,925,966","49,455,072","3,261,828",18.05
2020,MD,Preliminary,"3,553,232","27,289,678","2,379,935",13.02,"2,573,850","26,459,750","256,245",9.73,"256,357","3,303,595","8,811",7.76,"37,259","480,329",5,7.76,,,,,"6,420,699","57,533,352","2,644,995",11.16
2020,ME,Preliminary,"821,688","4,890,536","717,338",16.8,"477,628","3,808,600","97,230",12.54,"224,019","2,512,713","2,648",8.92,0,0,0,,,,,,"1,523,335","11,211,849","817,216",13.59
2020,MI,Preliminary,"5,849,714","35,695,653","4,457,334",16.39,"4,178,692","35,490,445","553,663",11.77,"1,869,999","24,972,733","5,555",7.49,469,"4,116",2,11.39,,,,,"11,898,872","96,162,948","5,016,554",12.37
2020,MN,Preliminary,"3,046,315","22,695,739","2,468,033",13.42,"2,239,008","21,191,781","296,764",10.57,"1,484,321","18,540,264","8,428",8.01,"1,919","20,410",1,9.4,,,,,"6,771,564","62,448,194","2,773,227",10.84
2020,MO,Preliminary,"3,798,690","34,848,060","2,873,725",10.9,"2,492,486","28,433,705","389,813",8.77,"709,796","11,134,002","6,492",6.38,"1,603","20,462",2,7.84,,,,,"7,002,575","74,436,229","3,270,032",9.41
2020,MS,Preliminary,"2,107,239","18,711,071","1,347,830",11.26,"1,334,207","12,747,576","239,116",10.47,"906,767","15,899,318","7,301",5.7,0,0,0,,,,,,"4,348,213","47,357,965","1,594,247",9.18
2020,MT,Preliminary,"612,562","5,318,676","526,589",11.52,"500,011","4,728,964","113,875",10.57,"218,305","4,315,293","8,016",5.06,0,0,0,,,,,,"1,330,878","14,362,932","648,480",9.27
2020,NC,Preliminary,"6,762,980","58,804,280","4,733,629",11.5,"4,050,618","46,157,288","713,840",8.78,"1,559,874","25,325,408","9,713",6.16,"1,236","16,124",1,7.67,,,,,"12,374,708","130,303,100","5,457,183",9.5
2020,ND,Preliminary,"520,934","4,968,307","386,260",10.49,"578,893","6,432,191","75,368",9,"775,049","9,976,142","8,997",7.77,0,0,0,,,,,,"1,874,876","21,376,640","470,626",8.77
2020,NE,Preliminary,"1,134,585","10,321,513","879,138",10.99,"821,994","9,043,039","163,384",9.09,"809,101","10,879,686","56,001",7.44,0,0,0,,,,,,"2,765,681","30,244,238","1,098,523",9.14
2020,NH,Preliminary,"911,798","4,784,182","633,733",19.06,"621,106","4,033,531","109,322",15.4,"236,799","1,853,020","3,130",12.78,0,0,0,,,,,,"1,769,704","10,670,734","746,185",16.58
2020,NJ,Preliminary,"4,767,730","29,691,387","3,623,273",16.06,"4,345,801","34,937,433","527,041",12.44,"645,239","6,459,625","11,564",9.99,"25,334","275,223",6,9.2,,,,,"9,784,104","71,363,669","4,161,884",13.71
2020,NM,Preliminary,"969,348","7,402,627","920,934",13.09,"894,727","8,574,695","140,899",10.43,"510,715","9,202,021","8,489",5.55,0,0,0,,,,,,"2,374,790","25,179,342","1,070,323",9.43
2020,NV,Preliminary,"1,623,166","14,254,239","1,224,913",11.39,"906,783","11,966,984","168,639",7.58,"660,188","11,853,931","3,348",5.57,351,"3,960",1,8.85,,,,,"3,190,488","38,079,114","1,396,901",8.38
2020,NY,Preliminary,"9,578,050","52,227,090","7,245,986",18.34,"9,976,359","68,624,176","1,143,899",14.54,"872,411","15,802,109","6,427",5.52,"309,305","2,549,388",8,12.13,,,,,"20,736,124","139,202,762","8,396,319",14.9
2020,OH,Preliminary,"6,356,256","52,643,334","5,052,081",12.07,"4,109,397","43,646,972","635,168",9.42,"2,522,959","43,654,956","16,896",5.78,"2,340","34,899",3,6.71,,,,,"12,990,952","139,980,162","5,704,148",9.28
2020,OK,Preliminary,"2,349,978","23,565,705","1,828,486",9.97,"1,378,737","18,204,908","290,552",7.57,"880,656","20,019,186","19,107",4.4,0,0,0,,,,,,"4,609,372","61,789,799","2,138,145",7.46
2020,OR,Preliminary,"2,193,434","19,762,472","1,805,079",11.1,"1,419,207","15,776,296","244,034",9,"741,033","12,062,487","26,705",6.14,"2,422","25,605",2,9.46,,,,,"4,356,096","47,626,860","2,075,821",9.15
2020,PA,Preliminary,"7,483,759","55,191,857","5,462,995",13.56,"3,008,508","35,378,031","722,448",8.5,"2,951,633","48,098,841","14,831",6.14,"35,387","425,435",5,8.32,,,,,"13,479,288","139,094,165","6,200,279",9.69
2020,RI,Preliminary,"692,613","3,147,459","441,572",22.01,"561,103","3,517,909","60,054",15.95,"100,008","634,583","1,692",15.76,"3,837","17,566",1,21.84,,,,,"1,357,562","7,317,518","503,320",18.55
2020,SC,Preliminary,"3,913,196","31,223,158","2,388,332",12.53,"2,097,601","20,487,684","377,190",10.24,"1,461,777","25,054,018","4,195",5.83,0,0,0,,,,,,"7,472,574","76,764,859","2,769,717",9.73
2020,SD,Preliminary,"585,024","4,955,062","412,254",11.81,"456,834","4,777,504","75,978",9.56,"216,945","2,764,955","3,124",7.85,0,0,0,,,,,,"1,258,802","12,497,522","491,356",10.07
2020,TN,Preliminary,"4,527,162","42,069,585","3,008,806",10.76,"3,585,178","34,107,676","506,987",10.51,"986,055","18,419,005",876,5.35,0,0,0,,,,,,"9,098,396","94,596,266","3,516,669",9.62
2020,TX,Preliminary,"18,400,326","153,903,997","11,301,394",11.96,"10,623,236","137,254,425","1,460,952",7.74,"6,097,030","118,034,659","268,682",5.17,"11,315","173,665",3,6.52,,,,,"35,131,906","409,366,745","13,031,031",8.58
2020,UT,Preliminary,"1,094,712","10,317,572","1,119,916",10.61,"941,605","11,186,090","127,717",8.42,"560,536","9,529,800","10,638",5.88,"5,263","49,213",1,10.69,,,,,"2,602,116","31,082,675","1,258,273",8.37
2020,VA,Preliminary,"5,588,036","46,227,620","3,524,408",12.09,"4,116,403","53,477,174","436,396",7.7,"1,017,993","15,715,767","3,786",6.48,"14,431","164,460",1,8.77,,,,,"10,736,863","115,585,021","3,964,591",9.29
2020,VT,Preliminary,"417,940","2,146,963","318,188",19.47,"297,436","1,812,680","59,422",16.41,"146,632","1,335,332",141,10.98,0,0,0,,,,,,"862,008","5,294,975","377,752",16.28
2020,WA,Preliminary,"3,581,486","36,771,592","3,154,965",9.74,"2,423,762","27,197,316","404,814",8.91,"1,084,815","21,166,904","29,026",5.13,"9,701","97,666",5,9.93,,,,,"7,099,763","85,233,478","3,588,811",8.33
2020,WI,Preliminary,"3,390,289","22,907,688","2,769,072",14.8,"2,466,600","22,316,270","363,511",11.05,"1,721,696","22,318,973","4,939",7.71,141,963,2,14.65,,,,,"7,578,726","67,543,894","3,137,524",11.22
2020,WV,Preliminary,"1,284,048","10,876,822","862,198",11.81,"652,525","6,946,648","146,644",9.39,"868,701","14,254,272","11,357",6.09,0,0,0,,,,,,"2,805,274","32,077,742","1,020,199",8.75
2020,WY,Preliminary,"321,233","2,872,048","279,263",11.18,"331,046","3,409,089","59,105",9.71,"619,324","9,049,283","10,017",6.84,0,0,0,,,,,,"1,271,604","15,330,419","348,385",8.29